coin_id,simbolo,nombre,rank,precio,mcap,volumen_24h,cambio_24h,cambio_7d,cambio_30d,fuente_velas,dias_historial,fecha_ultima_vela,sma20,dist_sma20,sma50,dist_sma50,sma200,dist_sma200,cruce_50_200,ret_7d,ret_30d,ret_90d,rsi14,macd,macd_senal,macd_hist_pct,macd_cruce_reciente,vol_prom30,vol_relativo,ret_dia,ret_z,volatilidad_30d,caida_max_90d,max_90d,dist_max_90d,vs_btc_30d,anomalias,p_tendencia,p_momentum,p_sentimiento,p_riesgo,puntaje,nota_puntaje
bitcoin,BTC,Bitcoin,1,83398.0,1676020591912,39041446898.0,-2.51249,-1.3658,5.2318,binance,368,2026-10-06,83857.8025,2.0178533774480867,79924.9116,7.037878788219998,71693.2068,19.32780498807314,True,2.254586997508823,6.482426402286312,37.341354952640856,63.420256928436764,1933.5067675233295,2036.406132157526,-0.1202798934308847,False,1276861423.2841988,0.8483007534196932,-0.2529414912774586,-0.12433366284759105,38.07024749041499,-6.922436799537146,86620.0,-1.2353613484183845,0.0,,54.0,60.0,,97.0,69.0,
ethereum,ETH,Ethereum,2,2562.62,312952516749,18941021070.0,-4.79243,-5.3145,2.7409,binance,368,2026-10-06,2678.292,0.7168001099207899,2533.9062000000004,6.4557954039498044,2125.10815,26.934245675920067,True,0.7285341936832834,7.278244408386625,54.713399176388265,59.65648931096842,59.77814274021239,70.59866661722405,-0.4011330487605762,False,745516154.1006105,0.8400271227258255,-0.4608890102510088,-0.16337810268297487,39.720583760680526,-5.616149627568145,2776.19,-2.834820383331127,0.7958180061003128,,52.0,59.0,,97.0,69.0,
binancecoin,BNB,BNB,4,771.45,102730241460,953613745.0,-1.23696,-0.1136,3.9627,binance,368,2026-10-06,773.7929999999999,0.7375357492249268,732.3109999999999,6.443846944808973,639.81485,21.832120651779196,True,2.7469485672106053,3.5192563081009265,37.076636302887486,57.67299073023629,15.632448863403965,17.385494387623993,-0.22489358873893872,False,105159947.68873267,0.6723162779448131,-0.8811973093600156,-0.4920437306735661,33.97081354260863,-7.541779186724584,799.41,-2.4905868077707227,-2.9631700941853856,,53.0,55.0,,95.0,67.0,
ripple,XRP,XRP,5,1.43,89931709643,2400114114.0,-5.36804,-6.1747,1.5945,binance,368,2026-10-06,1.48694,0.6832824458283593,1.4172600000000002,5.633405303190653,1.280642,16.90230368830634,True,0.43606601368577635,5.170354759395868,37.247891455812265,55.424218738765575,0.03304831747571768,0.039638453690000054,-0.4401934549650907,False,245493771.45800498,0.47732543284881385,-0.7030576374610242,-0.19643407629813814,67.2916587058538,-15.594580373585886,1.5727,-4.807019774909382,-1.3120716428904444,,46.0,43.0,,84.0,57.0,
solana,SOL,Solana,7,116.26,68500538416,3072542842.0,-3.85592,-3.3289,11.9732,binance,368,2026-10-06,117.3785,2.8382540243741428,106.5402,13.29995626064151,86.307,39.8611931824765,True,1.3092740243390688,13.289535429375876,55.09443659257356,63.905816007283086,4.628572201414585,5.11577766940362,-0.40361649241076586,False,277994304.43200535,0.6328780452564355,-0.05795661533366525,-0.019915885329106747,61.309577365657375,-11.233278358072207,122.15,-1.1788784281621,6.807109027089564,,62.0,55.0,,91.0,69.0,
tron,TRX,TRON,8,0.335209,31841027119,390670669.0,-0.24725,-0.8672,0.3377,binance,368,2026-10-06,0.337535,-0.6029004399543569,0.336948,-0.4297399005187774,0.3319735,1.062283585888646,True,0.328947368421062,0.08949880668258636,2.130898021308991,47.63943154423697,-0.00041485232081389656,-0.00010059094326635334,-0.09366956111700245,False,28384699.351649333,0.7689347317096656,-0.17851829812555176,-0.21342532568879077,12.403252074669465,-6.552623948970715,0.3449,-2.7254276601913485,-6.392927595603726,,46.0,45.0,,95.0,61.0,
figure-heloc,FIGR_HELOC,Figure Heloc,9,1.017,24022800875,55864494.0,-1.92198,-1.2337,1.184,coingecko,333,2026-10-06,1.0282348367657739,0.46075994280765364,1.0238834104543952,0.8877105014481357,1.025012200891954,0.7766083284377778,False,2.8457999948510837,0.18772327603484573,1.2287433671745118,50.64610044994424,0.0070049752914216334,0.003496993849029412,0.3396006512348276,True,154089336.90367615,0.14512597847902398,-3.928688147485604,-1.8746276107266053,42.33434199381527,-5.7760156881055735,1.0752143497294704,-3.928688147485604,-7.2050749607886155,,25.0,39.0,,80.0,47.0,
zcash,ZEC,Zcash,10,1323.54,22467711371,710646795.0,-2.73659,-11.002,12.6407,binance,368,2026-10-06,1464.4850000000001,-6.68050543365074,1147.0476,19.14501194196301,619.71965,120.52713674643046,True,-3.5777784049218164,11.326979472140785,193.27882572587396,52.23780397475526,49.25873875469779,91.98020322149759,-3.125998936582139,False,322882733.9798823,0.5022101384643048,2.1672173796031924,0.3272411956685132,135.69727523529713,-21.27129307007355,1653.12,-17.32905052264807,4.844553069854474,,63.0,37.0,,55.0,53.0,
hyperliquid,HYPE,Hyperliquid,11,88.1,19609276630,854923169.0,-3.97014,-3.2479,2.2159,binance,13,2026-10-06,,,,,,,,6.818445812521778,,,,,,,False,,,-2.3571883627097168,,,-7.010153380859796,94.18,-2.3571883627097168,,,,,,,,Sin puntaje: solo 13 días de historial (mínimo 60).
dogecoin,DOGE,Dogecoin,12,0.088592,13841752951,1232593816.0,-6.12011,-7.2435,-1.9836,binance,368,2026-10-06,0.0936585,0.03363282563781933,0.0885262,5.8330754059250145,0.08783230000000002,6.669186620411827,True,-0.21301523058899763,3.04663440387154,29.352478254866774,53.789777689792736,0.002170324161198764,0.0026139424742092675,-0.47349590459014157,False,84138712.67188734,0.8463941280250226,-1.8130370991406464,-0.5330042635063024,74.13888510370207,-14.279597516591735,0.10044,-6.720430107526887,-3.4357919984147722,,43.0,50.0,,84.0,58.0,
monero,XMR,Monero,13,553.63,10417203359,125815094.0,-0.77484,1.7689,7.2523,coingecko,367,2026-10-06,550.6459955995572,2.1046327885439586,508.77021762661855,10.508644628323838,392.70219429857184,43.17085056679921,True,3.9165069963531085,1.181750115108371,67.77531900738516,58.522522077458866,11.644041502898858,14.93798741983086,-0.5858663186115225,False,124775410.69902496,1.1779645520140656,2.8479297235148637,0.9964939696757842,59.09639434669647,-10.258282468468948,590.786916912482,-4.832849936817718,-5.300676287177941,,59.0,66.0,,83.0,68.0,
chainlink,LINK,Chainlink,15,13.39,10019555312,365784814.0,-4.10626,-7.5517,3.3349,binance,368,2026-10-06,13.56345,2.9162934209216784,12.328159999999999,13.228575878314363,9.610800000000001,45.24285179173428,True,-4.436229205175602,5.486284289276799,82.68551236749116,56.8687216961324,0.6314830667448668,0.7087624346055778,-0.5536167910359695,True,41319638.465636335,0.39190641232007245,0.7579038544824668,0.20912028306457126,77.5780546983469,-17.72840625708456,15.452,-9.66217965311934,-0.9961421130095127,,61.0,35.0,,75.0,57.0,
whitebit,WBT,WhiteBIT Coin,16,82.93,9850380400,98047555.0,-2.92886,-1.7895,13.4452,coingecko,367,2026-10-06,83.79753048977445,2.271824864975369,77.17576768101439,11.046856025974305,60.033256831300065,42.756312329524725,True,2.5991224293434367,16.686821364500037,52.36654493418145,66.1805975484103,2.316257594223927,2.704067061460013,-0.4525131262229681,False,103292746.98673065,0.9615500124028774,-0.3654733464595217,-0.13398187871296519,41.58527696443396,-5.619774053252136,87.15827142656629,-1.6716804716777944,10.204394962213726,,60.0,66.0,,86.0,70.0,
cardano,ADA,Cardano,17,0.256842,9644909395,663934145.0,-5.48684,2.1023,15.3727,binance,368,2026-10-06,0.24533,8.99604614193128,0.22296,19.93182633656263,0.2132,25.422138836773,True,9.366053169734156,19.6956132497762,60.02393776181929,66.94981507239861,0.012081941269865615,0.011017794795966724,0.3979605362374311,True,42163155.31394668,1.4150903153368646,-1.1094674556212825,-0.2918014057835979,72.07427767129015,-15.888258402444343,0.2704,-1.1094674556212825,13.213186847489888,,70.0,78.0,,80.0,76.0,
rain,RAIN,Rain,19,0.01096624,7774302471,12842662.0,-0.34768,-11.2849,-32.8718,coingecko,367,2026-10-06,0.012452005664590992,-8.374615964160482,0.014450534245926376,-21.046531455663974,0.012013792581889081,-5.032503827763158,True,-8.518378743926258,-32.66877922549498,-23.235745201876924,38.66924473319555,-0.0009034819553811399,-0.0008342926462302881,-0.6064344670686773,False,23069917.70607729,0.9766726337068683,0.9849641690581112,0.21861274670275643,96.77101855432565,-43.179450044447385,0.018158429442510105,-37.16858582694225,-39.151205627781295,,35.0,32.0,,27.0,31.0,
stellar,XLM,Stellar,20,0.199624,6996580124,193221516.0,-6.48416,-11.8997,3.4701,binance,368,2026-10-06,0.21287999999999996,-0.3664036076662658,0.19465800000000003,8.960330425669639,0.18115949999999997,17.079148485174688,True,-4.5883940620782715,12.99946723494938,16.988416988417,52.67539134289885,0.007689522052082731,0.00909686015673345,-0.6635257447669579,True,25177035.094383333,0.3947196899295346,-1.5777262180974416,-0.4477222618241539,82.9534693195693,-19.40686784599376,0.2325,-8.7741935483871,6.517040832663068,,47.0,36.0,,68.0,50.0,
near,NEAR,NEAR Protocol,21,5.29,6908328908,818160122.0,4.17296,-5.2812,121.94,binance,368,2026-10-06,4.6160499999999995,9.747511400439768,3.09786,63.53224483998632,2.072655,144.42080326923676,True,3.683995088006542,107.70807708077079,167.7589852008457,64.18685373334404,0.5971612687693062,0.6447345860103721,-0.9390706127332402,False,170803767.91515335,0.5957306629128096,-4.306762372497164,-0.7734375903261327,148.02055407326233,-23.173681664247702,5.387,-5.958789678856502,101.22565067848448,,77.0,71.0,,50.0,67.0,
bitcoin-cash,BCH,Bitcoin Cash,22,300.82,6046530910,231867626.0,-4.67066,-2.8548,13.6385,binance,368,2026-10-06,305.5,2.0621931260229154,269.86199999999997,15.54053553297614,306.23,1.8188942951376408,False,1.3324666883328007,19.463601532567054,32.455395072217506,58.89410707016767,15.99899939524255,18.14144336883825,-0.6871212230903464,False,22160382.04161667,0.44742068144763214,-1.5782828282828287,-0.3044937592886342,123.13786994383966,-24.8526863084922,345.1,-9.649376992176183,12.981175130280743,,22.0,54.0,,48.0,40.0,
litecoin,LTC,Litecoin,23,66.13,5139361687,312265318.0,-4.42379,-2.1656,18.6287,binance,368,2026-10-06,66.2885,4.075367522270068,57.247600000000006,20.511602233106686,51.50985000000001,33.93554824950953,True,3.2320814005686094,25.504820811351635,58.01649106733853,64.16882700626357,4.005519650407308,4.31076693517927,-0.442451492639458,True,32542155.822125666,0.5358564758839308,-1.5834522111269567,-0.5340676281126896,73.75222519292615,-9.836373895053608,72.59,-4.959360793497735,19.022394409065324,,63.0,59.0,,85.0,69.0,
avalanche-2,AVAX,Avalanche,24,11.27,4998172639,680526413.0,-1.81651,1.914,39.3686,binance,368,2026-10-06,10.619,9.313494679348345,8.702800000000002,33.382359700326305,8.105095,43.21855573562061,True,1.504022385449466,46.7880627212949,79.27413127413129,69.03308848650278,0.7992723116510145,0.8328871511296567,-0.2895833862736233,False,47133259.72119468,1.4014137091302745,4.30407044658101,1.043507264080906,111.07591998140414,-10.002475860361471,11.608,0.0,40.305636319008585,,76.0,76.0,,74.0,75.0,
uniswap,UNI,Uniswap,26,7.75,4844900590,783408106.0,-10.58468,-13.18,14.092,binance,368,2026-10-06,9.049299999999999,-5.384946901970311,6.883599999999999,24.382590504968338,4.22684,102.56267093147598,True,-3.6787040161997964,17.36806031528444,161.03658536585365,53.670757731458615,0.5646763777103168,0.7535461262119516,-2.2059068967721895,False,81275641.39590134,0.6842682595253513,-5.73599031157107,-1.0981377718431342,119.49080395130653,-27.79156327543424,10.226,-16.272247212986514,10.885633912998127,,66.0,50.0,,51.0,56.0,
canton-network,CC,Canton,27,0.119963,4772907065,12623444.0,-7.10442,-4.1666,13.4897,coingecko,331,2026-10-06,0.11960984954282709,5.812979945771879,0.11245834226096953,12.541892015640332,0.1344879828412287,-5.892895828964417,False,-3.4170966497569233,16.10028650605262,-3.4275665594441396,56.859081124828094,0.004892910701666878,0.004636774903991414,0.2023785083274114,False,16866675.6102581,0.6174225700935873,-2.2034127025826633,-0.49584671523510804,98.49025770968755,-34.605017047714945,0.13841795028995557,-8.564788132754419,9.617860103766308,,30.0,47.0,,28.0,35.0,
sui,SUI,Sui,28,1.12,4630101713,679308027.0,-5.36603,-6.3418,37.3253,binance,368,2026-10-06,1.078265,9.258855661641618,0.8842659999999999,33.229141457434764,0.8542155,37.916017679379486,True,2.221258134490234,45.12195121951219,65.67290113908031,63.41266107038846,0.10250863591321702,0.10274203903305354,-0.01981182580736124,True,94654562.2941533,0.6644582678399316,-2.941176470588236,-0.6590940818076364,114.61536886309807,-19.226246472248366,1.264,-6.795886075949376,38.639524817225876,,78.0,68.0,,62.0,70.0,
hedera-hashgraph,HBAR,Hedera,31,0.092411,4067382980,131811583.0,-8.21967,-14.6693,10.9184,binance,368,2026-10-06,0.0962265,3.5785360581544357,0.084333,18.18623789026832,0.08194755,21.626576999556434,True,-2.6755199687530595,22.114677775055135,43.69953863898499,55.77501283841986,0.006061514857673894,0.006489220514709289,-0.429121758839565,True,23410386.18386667,0.5353172002470618,-1.996066863323509,-0.4605000864451887,130.5031928776082,-18.33674723473987,0.12205,-18.33674723473987,15.632251372768824,,57.0,47.0,,53.0,52.0,
the-open-network,GRAM,Gram (prev. Toncoin),32,1.43,4041399033,55915396.0,-6.76811,-5.4077,1.8266,binance,97,2026-10-06,1.48285,2.7750615369052767,1.4242399999999997,7.004437454361656,,,,2.903443619176227,6.3503140265178,-3.969754253308122,55.417120376039804,0.03619904932384266,0.0363169932724252,-0.007739104237699554,True,11894652.486164667,0.5819013973162142,0.0,0.0,63.140755055459316,-19.939209726443774,1.645,-7.355623100303954,-0.13211237576851165,,44.0,52.0,,64.0,53.0,
quant-network,QNT,Quant,33,252.06,3666006471,262267829.0,-2.3553,-16.6802,281.8401,binance,368,2026-10-06,170.3655,55.85315101942587,106.17560000000002,150.0762887141678,78.35849999999999,238.85283664184485,True,-0.47976011994004253,296.1211397881545,303.5258358662614,71.47201595775033,52.73008593702096,45.36619979085718,2.773382851071023,False,40887108.44432267,1.0901918681713327,1.0350076103500694,0.08660538004833236,383.2472530799116,-19.40543561796967,287.15,-7.532648441581058,289.63871338586824,,99.0,71.0,,49.0,75.0,
bitway,BTW,Bitway,34,1.27,3444382877,15279016.0,6.03913,-3.028,177.5333,coingecko,218,2026-10-06,1.0391637901178616,18.839234537806114,0.6945458411334985,77.80457683753583,0.21784282074820305,466.89235363764345,True,10.82473490342759,173.3620690772967,1896.3661018127286,57.97074528515683,0.18377436929171342,0.18831304933043963,-0.3675240101131297,True,22571388.009651724,1.7574177093016183,-0.9099324014611887,-0.07062465949322944,303.52446955000966,-26.845400143317278,1.4157887743284758,-12.77411460223904,166.8796426750104,,85.0,93.0,,19.0,67.0,
bittensor,TAO,Bittensor,36,288.6,3274115342,243233518.0,-4.89213,-6.6953,10.2013,binance,368,2026-10-06,295.82,4.455412074910425,257.544,19.979498648774594,247.24650000000003,24.976491072674435,True,2.760226139008992,16.296575084681987,50.805270863836014,60.87620073213475,15.542534873038107,17.337564639341608,-0.5809157819752429,False,40308649.980196334,0.5552217049518013,1.0134030728996546,0.23296102705573324,106.29021482790833,-17.990214527662772,321.2,-3.7982565379825584,9.814148682395674,,58.0,58.0,,65.0,60.0,
shiba-inu,SHIB,Shiba Inu,38,5.4e-06,3183133664,88782349.0,-6.90857,-7.9685,-2.2676,binance,368,2026-10-06,5.7524999999999996e-06,0.6518904823989535,5.4362e-06,6.508222655531437,5.29905e-06,9.264868231098022,True,0.5208333333333259,4.701627486437587,34.96503496503498,54.858403514693634,1.3343706792347276e-07,1.5069584183569382e-07,-0.2980789967568404,False,5558218.590292492,0.6664378158642286,-1.5306122448979553,-0.3672518815526909,65.94352868881424,-17.13747645951035,6.11e-06,-5.237315875613757,-1.7807989158487247,,48.0,50.0,,72.0,56.0,
crypto-com-chain,CRO,Cronos,39,0.063182,3130233014,8857211.0,-5.18484,-7.2503,9.6054,coingecko,367,2026-10-06,0.06484460029497968,6.628830454699486,0.05984037345868734,15.545801122542269,0.06281643229826019,10.071579008597231,False,-0.7766446977108488,22.005224141621692,21.2373813419914,61.21855549865208,0.0027560923373645407,0.002692407858365892,0.09210540931501351,False,11459191.089103254,0.7680649135031883,0.27450688629744313,0.08080930614669173,76.82224898445796,-24.70665540729603,0.0696842378459321,-0.7766446977108488,15.522797739335381,,35.0,60.0,,40.0,44.0,
ethena,ENA,Ethena,40,0.225291,3021788544,399275350.0,-5.32595,-17.4016,35.2026,binance,368,2026-10-06,0.23149999999999998,3.801295896328316,0.18149,32.40398920050691,0.11515399999999999,108.67707591573028,True,-3.2608695652173947,36.37911464245176,221.6867469879518,58.47882466224784,0.021135970324917486,0.02439862282809054,-1.3577413662809208,True,53381642.0123823,0.6385719673386032,-3.6487570168404204,-0.549346592331626,134.9906358224211,-22.75822928490352,0.2725,-11.816513761467895,29.896688240165446,,72.0,57.0,,51.0,61.0,
pump-fun,PUMP,Pump.fun,41,0.00633015,2938574885,534764879.0,1.66923,5.2129,45.3282,binance,368,2026-10-06,0.0050333999999999995,22.859299876822845,0.00450932,37.13819378531576,0.00248524,148.8290869292302,True,5.0093394464255425,53.830845771144276,315.03355704697987,64.77641964962444,0.0006184013490618838,0.00046882151028784986,2.4188201612877407,False,37037390.747153506,0.5902664255056679,-4.361274358181255,-0.5729212674281127,149.80895555527374,-33.575664817294815,0.006521,-5.167919030823487,47.34841936885796,,95.0,69.0,,39.0,69.0,
okb,OKB,OKB,43,132.1,2773908661,72958077.0,-4.32898,8.8868,14.6752,coingecko,367,2026-10-06,119.85104877488627,7.3220567686855365,114.31411128800144,12.520325928955778,91.19499735625122,41.04568708036851,True,8.208265182565722,13.439780049546535,62.012536888181245,71.17449431563251,3.0285984695667025,2.8865387217254637,0.11044351333997418,True,26510604.33567827,2.332066074234307,5.571643735812715,2.6594454294712824,39.73426681513844,-9.233471736415154,128.62661060404844,0.0,6.957353647260223,Volumen 2.3x su promedio de 30 días; Subida diaria de +5.6% (2.7 desviaciones),69.0,73.0,,82.0,74.0,
aave,AAVE,Aave,44,172.31,2660682559,342466334.0,-5.62553,6.0309,29.7565,binance,368,2026-10-06,157.013,14.455490946609517,137.2916,30.89657342473977,101.7008,76.7046080266822,True,8.730638915779299,31.29977350770805,103.47599637681162,68.13147169987242,13.956217261278908,11.78658708091923,1.2072951868898107,False,22734489.561668005,0.78656870044097,-2.373967840069535,-0.5162407321425445,83.95455108969118,-15.504204649848063,184.08,-2.373967840069535,24.81734710542174,,88.0,71.0,,76.0,79.0,
ondo-finance,ONDO,Ondo,49,0.467534,2276817370,192329150.0,-6.07561,-9.6419,19.0441,binance,368,2026-10-06,0.48175000000000007,2.0031136481577505,0.4081,20.411663807890214,0.350501,40.19931469525051,True,-2.1115537848605537,26.78018575851393,55.50632911392406,56.54000991890471,0.029886914057942582,0.034713867162731664,-0.9822859391105172,True,29068303.780022662,0.6661678091212966,-1.5822151011416041,-0.3000566370008306,129.3420521216998,-22.235576923076916,0.5877,-16.38591117917305,20.29775935622762,,61.0,55.0,,49.0,55.0,
worldcoin-wld,WLD,Worldcoin,51,0.513883,1953963749,260879705.0,-7.04337,-6.047,10.8506,binance,368,2026-10-06,0.49476499999999995,11.467060119450668,0.43239200000000005,27.54630057910412,0.370906,48.68996457323418,True,14.01695265660532,31.184586108468125,41.88320041162849,59.2685207538355,0.043434209878234986,0.037293426795136,1.113469280706978,False,46819830.89033533,0.5080889611066604,-4.120305980528515,-0.7671432395399947,132.04992406469162,-28.363201911588998,0.598,-7.775919732441472,24.702159706181813,,84.0,68.0,,43.0,66.0,
mantle,MNT,Mantle,52,0.58064,1917265721,37426609.0,-3.70915,-16.8404,-7.8619,coingecko,367,2026-10-06,0.6494839172854372,0.3997514116129697,0.5841000862269623,11.638442415775941,0.5668283729123726,15.040154934832728,True,-1.9349608442844612,10.927639733469775,54.403791742547035,54.387246980022034,0.023911670457527512,0.029865357880181635,-0.9130298806699072,True,33955827.52449582,0.7597254810243734,-1.8091368195556234,-0.5511925726339468,71.25151710942637,-14.531888131382631,0.6967261483561209,-6.407956705582974,4.445213331183462,,46.0,50.0,,66.0,53.0,
aster-2,ASTER,Aster,53,0.70647,1917227203,127725995.0,-5.26885,-7.7635,-8.523,binance,366,2026-10-06,0.732445,0.553625186874096,0.7144780000000001,3.082250258230479,0.6650945,10.736143510433482,True,1.5301902398676681,-6.416772554002536,18.21829855537722,53.305763619761166,0.004889138197484155,0.006187592474580985,-0.17630064862142972,False,14192640.9430257,0.9078941612271905,-0.027148092846474015,-0.01075537954791233,54.20090702054118,-13.595933926302417,0.787,-6.416772554002536,-12.89919895628885,,48.0,53.0,,81.0,60.0,
polkadot,DOT,Polkadot,54,1.1,1884519513,173060208.0,-9.55349,-11.917,-0.2201,binance,368,2026-10-06,1.18155,1.7307773687105898,1.03298,16.362369068132978,1.05649,13.772965196073805,False,0.7544006705783701,22.77834525025535,45.34461910519951,56.52184073240241,0.04902886945270768,0.05693048925281402,-0.6573726955163345,False,13885763.958034,0.7121654182043375,-2.276422764227648,-0.5555488888351681,107.97033463283458,-24.157303370786522,1.268,-5.205047318611989,16.295918847969038,,26.0,62.0,,52.0,46.0,
sky,SKY,Sky,55,0.08009,1876176979,22863475.0,-8.68579,0.8127,16.0324,binance,368,2026-10-06,0.0782335,14.14547476464687,0.0706804,26.343371005257477,0.06707745,33.12968814407824,True,9.142019066242968,27.40761877585962,60.150645624103326,62.64583040845155,0.006498421056028228,0.005260508081345343,1.3862407331275302,False,3781951.591557334,1.166364188390783,1.870864704540276,0.4608187422453766,102.60442873959987,-21.82935153583617,0.09775,-8.644501278772376,20.92519237357331,,78.0,80.0,,45.0,69.0,
internet-computer,ICP,Internet Computer,58,3.15,1758612459,81147196.0,-8.01696,-9.7533,4.9403,binance,368,2026-10-06,3.15255,7.5002775530919275,2.7881600000000004,21.549695856765716,2.4959450000000003,35.78023554204919,True,-1.4825581395348841,23.912248628884814,51.70098478066247,61.9922592876658,0.19603831482826672,0.18339289536896775,0.37313129121566774,False,10831395.218503,0.7717914217569629,-5.598885793871866,-1.630087059563824,84.21522762501932,-16.96219471395114,3.59,-5.598885793871866,17.429822226598503,,74.0,60.0,,65.0,67.0,
morpho,MORPHO,Morpho,59,2.51,1755176281,22169414.0,-7.46795,-2.5256,-0.1443,binance,368,2026-10-06,2.6206500000000004,2.722606986816234,2.48632,8.272466939090716,2.04995,31.320276104295242,True,8.81164106709782,3.1022596706242744,31.573802541544495,56.89198493371607,0.07510777969483451,0.07231949722769815,0.10357661467817088,True,5105331.899871,0.680695758984408,-0.5541189508681099,-0.11902498136912647,83.23465610960761,-28.26161790017211,2.905,-7.332185886402742,-3.3801667316620376,,62.0,60.0,,42.0,55.0,
world-liberty-financial,WLFI,World Liberty Financial,60,0.054531,1733007591,32586690.0,-2.62783,-2.8534,-3.4353,binance,368,2026-10-06,0.05684,-0.9500351864883849,0.05739,-1.8992855898239958,0.0643255,-12.47638961220665,False,-0.3539823008849585,-1.0544815465729274,-3.92491467576791,48.81696399987041,-0.0004955159422449715,-0.0003347649631851883,-0.2855257176905563,False,6608495.393665334,0.788190209035013,2.3636363636363678,1.2202744898442375,39.976539343933446,-13.119999999999997,0.0625,-9.919999999999995,-7.536907948859239,,15.0,44.0,,72.0,42.0,
pepe,PEPE,Pepe,61,4.05e-06,1702581770,236680272.0,-6.01675,-7.7455,10.8241,binance,368,2026-10-06,4.3055e-06,-0.5922657066542825,3.8546e-06,11.036164582576635,3.3736999999999996e-06,26.86368082520676,True,0.46948356807510194,17.260273972602725,63.9846743295019,54.47924346879127,1.687963136229966e-07,2.0190302297199326e-07,-0.7735212464718848,False,38213703.11551522,0.5790906811403091,-2.5056947608200653,-0.47860194772099274,103.69663578920606,-21.359223300970886,4.99e-06,-14.228456913827658,10.777847570316412,,51.0,53.0,,61.0,55.0,
htx-dao,HTX,HTX DAO,65,1.69e-06,1521709200,71614470.0,-0.63409,-1.6326,0.7589,coingecko,367,2026-10-06,1.7095274396494109e-06,0.1928163295123797,1.7017887314264913e-06,0.6484327978131921,1.7786040297562229e-06,-3.6984253349908847,False,-0.7152695312303892,1.5495105796608843,-8.114114917918258,51.19204017180745,2.9437542199752082e-09,2.319922606287782e-09,0.03642123927660484,False,37479688.44513543,1.9715502153913318,-0.6094615387872704,-0.48301480144143544,20.638828089136883,-13.68220243388384,1.8563942138081302e-06,-7.733838267200033,-4.932915822625428,,22.0,56.0,,80.0,51.0,
bitget-token,BGB,Bitget Token,66,1.95,1363949333,12762252.0,-2.46852,-1.6692,-3.5101,coingecko,367,2026-10-06,2.0051780272132356,-0.25300775116797736,1.9514984491335017,2.490717954080335,1.871642099652745,6.863634439017918,True,0.02444273142025999,-1.3995270413171834,20.141314438744207,52.713876975388004,0.015099506222510106,0.021707274681335625,-0.3303711162224513,False,14525669.515095808,0.7432241206658522,-0.3741301587850021,-0.18753593079175812,43.88031974270331,-10.243011772296395,2.180320324448418,-8.265553966908069,-7.8819534436034955,,44.0,46.0,,67.0,52.0,
ethereum-classic,ETC,Ethereum Classic,67,8.37,1327467764,71371853.0,-5.56535,-7.9918,4.7418,binance,368,2026-10-06,8.922,-0.919076440260036,8.0988,9.15197313182199,7.8356,12.818418500178662,True,-2.7502750275027465,12.468193384223913,28.115942028985508,53.9118666711215,0.27495587504655283,0.35570810197594893,-0.913486729970544,False,5333393.770643335,0.7586518177921697,-1.7777777777777781,-0.47496658738121306,79.15174272856008,-16.589327146171684,9.59,-7.820646506777895,5.985766981937601,,44.0,49.0,,66.0,53.0,
arbitrum,ARB,Arbitrum,70,0.182413,1238527481,181150376.0,-10.83543,-11.2818,10.8134,binance,368,2026-10-06,0.21042,-5.094572759243421,0.157398,26.8758179900634,0.1124565,77.57977529089024,True,-1.8673218673218694,5.493924986793441,159.68790637191157,54.40292427796416,0.011917031357267072,0.01678420154605423,-2.437240955827321,False,35401947.64981067,0.34922963323957457,-3.94420394420395,-0.5320092442485294,140.58983573721025,-29.741151611199147,0.2353,-15.129621759456025,-0.9885014154928706,,65.0,35.0,,38.0,47.0,
venice-token,VVV,Venice Token,71,25.42,1228248297,28197055.0,-7.27918,-9.9767,45.8861,coingecko,367,2026-10-06,28.515710285898514,1.116491735996883,22.381864809505355,28.82789740761833,14.56852196314576,97.9204610299073,True,3.644619817636552,66.91787739123126,174.6732247057592,57.08363863435971,1.7196524987849315,2.16345994499889,-1.5391764065564468,False,64251434.81720709,0.5193927191465353,-3.9760728710390825,-0.5884738630717146,189.64144018009063,-18.124646183454086,31.97664447027006,-9.827668561316472,60.435450988944936,,69.0,67.0,,37.0,58.0,
just,JST,JUST,72,0.14084,1153184333,33279527.0,-0.0123,7.4916,30.4471,binance,368,2026-10-06,0.12450000000000001,13.357429718875501,0.113187,24.687464108068944,0.09295945,51.81888447059444,True,11.099740218845945,27.45416779553871,48.68310155920774,71.79401526122984,0.0076777901725030295,0.006321384905321269,0.961103427465288,False,3777358.0140039665,1.3674842967393601,3.833137139493803,1.6746028530583195,51.15065965738245,-12.502308402585404,0.14113,0.0,20.971741393252398,,82.0,78.0,,71.0,77.0,
kaspa,KAS,Kaspa,74,0.04001584,1110099296,18742608.0,-7.49809,-8.0907,9.6032,coingecko,367,2026-10-06,0.04142214322170447,4.929836299545309,0.03481686890646189,24.8365761753806,0.032620832917100585,33.2405802903726,True,-4.371900173499643,42.205199760860346,48.607226784356186,59.34465330117803,0.0024697056640852547,0.0028535507898129757,-0.8831296558510942,False,19637705.157245956,1.136033296218428,1.8854650619534175,0.49209380980929435,105.66888047823615,-14.27893417394478,0.047804017770412245,-9.078380643563044,35.72277335857403,,61.0,67.0,,51.0,60.0,
polygon-ecosystem-token,POL,POL (ex-MATIC),75,0.101427,1078255196,86194847.0,-5.4679,-10.9305,5.6694,binance,368,2026-10-06,0.110517,-2.793235429843377,0.10302120000000001,4.279507518840764,0.0890766,20.604064367072827,True,-8.67902074124447,9.14355379457481,40.504839131572055,50.26521375116579,0.0026431375724477735,0.003881917775477051,-1.1531045360041678,False,9279863.928608298,0.5669807754874125,-1.53973054715425,-0.381993505264598,78.11205109445444,-26.397388820889432,0.12255,-12.33782129742963,2.661127392288498,,41.0,35.0,,55.0,43.0,
algorand,ALGO,Algorand,76,0.117594,1065308349,54144878.0,-4.95219,-7.0568,21.41,binance,368,2026-10-06,0.11743999999999999,5.160081743869216,0.101764,21.359223300970886,0.09905099999999999,24.683243985421676,True,-1.671974522292985,27.714581178903842,45.636792452830186,58.22665690819958,0.008423573786205896,0.008373890903656969,0.04022905469548732,False,5294958.692020001,0.6638821989674404,-3.2131661442006187,-0.8444083661356707,93.9829497217358,-13.716814159292035,0.136,-9.191176470588246,21.232154776617527,,68.0,58.0,,63.0,63.0,
jupiter-exchange-solana,JUP,Jupiter,77,0.320785,1064815977,94439562.0,-9.1229,-4.0379,27.4167,binance,368,2026-10-06,0.316195,11.102326096238091,0.259292,35.48431883744967,0.20657399999999998,70.0601237328996,True,6.486814186117007,27.421109902067474,64.38933083762284,65.28647605574828,0.025510779109214454,0.02590390753861912,-0.11190675474086653,False,6212172.602675333,0.8963891406433011,0.659025787965617,0.12111292884429953,116.76704116423116,-21.904315196998112,0.372,-5.56451612903226,20.938683499781163,,82.0,72.0,,51.0,69.0,
kucoin-shares,KCS,KuCoin,78,7.62,1063575597,20197113.0,-1.13593,2.0942,7.8384,coingecko,367,2026-10-06,7.311755868599266,3.9178919831774683,7.171082844143199,5.956418727058521,7.448968244003771,2.0036912054363976,False,2.085177801623428,5.101808654530671,9.402541526206786,64.12073307573556,0.10863638847314494,0.09627899324923225,0.16263534158438214,True,11655349.600658406,2.5483957173718084,1.89815286399595,0.8600582679249171,30.050061492174002,-13.827237182097019,7.8821382735057615,-3.6020137943464148,-1.3806177477556414,Volumen 2.5x su promedio de 30 días,27.0,67.0,,70.0,53.0,
render-token,RENDER,Render,79,2.05,1062757452,107318428.0,-5.23929,3.8564,29.7667,binance,368,2026-10-06,1.8711499999999996,14.421612377414972,1.6123599999999998,32.786722568160975,1.67483,27.833869706179136,False,12.152959664745943,36.98016634676904,39.116309291747896,72.68264876362765,0.13997943367618726,0.12949746741693563,0.4895827304648122,False,6263018.593558666,1.7031200373810744,3.6803874092009803,1.1165532252977932,79.58591739321628,-19.91065730695597,2.141,0.0,30.497739944482728,,53.0,81.0,,65.0,65.0,
pi-network,PI,Pi Network,81,0.082591,927801886,9331489.0,-5.42905,-10.1153,-12.7622,coingecko,364,2026-10-06,0.08811237814872111,-1.2459686708582884,0.09093703992493532,-4.3134397230582096,0.1263525457768351,-31.133539900711128,False,-2.1927255803736,-8.916562128793759,-20.4120121524206,44.27471219447363,-0.0007224684104356893,-0.0005598361282829564,-0.1869024524094126,True,6834002.689202775,0.657724256648102,-0.37194421571691283,-0.09907805006907239,58.93872132717348,-25.496302363107905,0.1029559205643703,-15.483708906826333,-15.398988531080072,,15.0,32.0,,45.0,30.0,
cosmos,ATOM,Cosmos Hub,82,1.71,913527915,46666818.0,-4.56865,-3.9105,1.399,binance,368,2026-10-06,1.75625,1.4661921708184922,1.6404400000000001,8.629392114310797,1.70379,4.590354445090061,False,3.3642691415313175,11.584220413274892,13.793103448275868,55.0506030997084,0.034130395054123186,0.040563878486566285,-0.3610260063099382,False,3651763.022036,0.678843166440706,-1.655629139072845,-0.4702494560727698,89.3715847603837,-22.921914357682628,1.886,-5.51431601272534,5.101794010988581,,22.0,59.0,,50.0,42.0,
lighter,LIT,Lighter,83,3.53,883053416,93418943.0,-6.66902,-12.4143,-21.3598,coingecko,281,2026-10-06,4.462371539394538,-9.933801948260301,4.047849578002725,-0.7105300968561656,2.1581622782890735,86.2273485598017,True,-9.581861831354699,-15.430334629649867,63.18232854635608,46.56257368414637,-0.11716965822563186,0.029400246604347077,-3.6468445245010708,False,99822830.91792612,1.3663038990779097,9.699719088364333,1.648276414157766,107.75075148655051,-33.152331486793315,5.315233417473329,-24.385477121979704,-21.912761031936178,,50.0,40.0,,41.0,44.0,
layerzero,ZRO,LayerZero,84,2.16,861318051,115978019.0,-3.64609,22.9724,86.8447,binance,368,2026-10-06,1.5867499999999999,41.98834094847961,1.2645,78.17319098457891,1.2445650000000001,81.02710585626302,True,35.07194244604317,103.89140271493216,137.90918690601904,82.36510468714668,0.2607916688815486,0.19991612819287874,2.701976950229465,False,12640990.246607667,1.427587315349986,3.920664206642055,0.7258996005211745,112.44448831580225,-22.6781857451404,2.253,0.0,97.40897631264585,,95.0,82.0,,51.0,77.0,
filecoin,FIL,Filecoin,85,1.023,853903053,152913508.0,-11.82436,-3.8537,18.3391,binance,368,2026-10-06,1.03268,11.631870472944183,0.8748520000000001,31.77085952824019,0.8523919999999999,35.242939868041944,True,8.898545248441337,42.76160990712074,50.692810457516345,64.2180357054621,0.0711766173664461,0.06787580596192447,0.28632992752616454,True,17592500.859791063,0.9127082767667234,-2.684450447408415,-0.5486260724953159,122.77390280737418,-19.898605830164772,1.1846,-2.684450447408415,36.279183504834435,,79.0,79.0,,53.0,71.0,
aerodrome-finance,AERO,Aerodrome Finance,87,0.794408,794301403,44624812.0,-2.12465,-4.1695,39.6464,binance,82,2026-10-06,0.76311,5.423857635203322,0.6153839999999999,30.731380731380753,,,,-0.7647711853953298,45.19039884497382,,59.52402060694876,0.06919906311696833,0.07196267321433177,-0.343518967975567,True,5629841.828178334,1.056122602885613,-4.882951052258222,-0.9700500600950761,119.25255119692746,-14.983818770226542,0.8778,-8.350421508316252,38.70797244268751,,61.0,73.0,,52.0,62.0,
midnight-3,NIGHT,Midnight,89,0.04644851,771448246,21627994.0,-4.67487,24.2145,98.6161,binance,210,2026-10-06,0.032515499999999996,54.14187080007997,0.0252668,98.36306932417243,0.03028535,65.49255663216704,False,54.786905497220495,105.5783429040197,56.72295184490306,75.98006627771365,0.007205965329167827,0.004939018564780021,4.523038237006795,False,4370481.282613333,1.1741193961003842,-3.7819159147629122,-0.4916996999207586,160.66436019147062,-45.399166399487015,0.05209,-3.7819159147629122,99.0959165017334,,70.0,85.0,,17.0,58.0,
injective-protocol,INJ,Injective,90,7.48,747974431,187893500.0,-4.79435,-0.0497,30.7666,binance,368,2026-10-06,7.5924499999999995,6.856153152144562,6.244800000000001,29.916090187035604,4.886055,66.04397617300664,True,6.53972422849638,52.72966867469877,71.1603375527426,66.16355193528511,0.4399174234739913,0.4957551625673084,-0.6882502045275124,False,14740581.839739,1.0505641013946703,5.62426767348001,1.115257573903878,126.76035128408125,-23.672400897531787,8.187,-0.9038719921827254,46.24724227241246,,70.0,80.0,,47.0,66.0,
stable-2,STABLE,​​Stable,92,0.02676435,722537203,8815641.0,-3.24816,-4.7974,-7.3152,coingecko,303,2026-10-06,0.02644942146875966,3.5085595710982576,0.027814989532055096,-1.5731602355948282,0.03177498482927894,-13.839722271164945,False,-6.001235066068733,-4.056174519211197,-21.96489252123721,50.08385513021053,-5.6252488880300516e-05,-0.00020635553792645577,0.5482732685850887,False,9328842.153294934,0.9675206122782691,2.7693092048074908,0.8312151030162722,73.64074826211663,-40.495140964632355,0.03961329538412859,-30.888316885216927,-10.53860092149751,,23.0,41.0,,32.0,31.0,
pancakeswap-token,CAKE,PancakeSwap,93,2.23,709695856,83888103.0,-7.63175,-15.8541,-1.82,binance,368,2026-10-06,2.5654500000000002,-6.799976612290248,2.19744,8.808431629532553,1.6173499999999998,47.83442050267415,True,-6.272050176401411,6.598305840392338,72.88503253796095,47.43621060936986,0.0763411194519028,0.1293470594781284,-2.2168941876296784,False,8336763.6599303335,0.3835162664053161,-3.041362530413627,-0.9339524088235068,70.37929815352851,-15.542211232779934,2.831,-15.542211232779934,0.11587943810602575,,52.0,28.0,,72.0,51.0,
vechain,VET,VeChain,95,0.00806072,693229854,8469231.0,-6.69639,-11.2334,10.8929,binance,368,2026-10-06,0.008803749999999999,-2.371148658242217,0.00751596,14.356649050819858,0.00626708,37.1452095712836,True,-1.8611555149577574,21.39830508474576,83.34044368600682,53.7645210907558,0.00035154592629648394,0.00048397639873313386,-1.5407850196236175,False,2326307.945416173,0.42026375873328226,-1.96190258925516,-0.4741240807994777,94.5194864508735,-12.315515316879576,0.009524,-9.754304913901713,14.91587868245945,,54.0,45.0,,51.0,50.0,
dash,DASH,Dash,96,53.65,689454673,78836716.0,-4.55848,-13.9381,-18.9064,binance,368,2026-10-06,61.34150000000001,-9.164268888110028,53.2846,4.570551341288098,40.492399999999996,37.6060692870761,True,-8.37033382667325,-21.862291403730193,62.21251819505093,46.206593387478996,1.154549027920126,2.551983421934376,-2.5079583525022437,False,21369585.644080337,0.5293122407155026,-3.9475952421996197,-0.6524024234988066,122.10831903919006,-29.28060580563736,71.84,-22.438752783964368,-28.344717806016504,,46.0,24.0,,37.0,36.0,
ether-fi,ETHFI,Ether.fi,97,0.712123,687887009,60482093.0,-8.17997,-10.1252,21.6884,binance,368,2026-10-06,0.7218199999999999,8.060181208611583,0.640362,21.806103422751512,0.467015,67.01818999389741,True,0.8403361344537785,34.901418194396406,101.55038759689923,61.31333515757384,0.03481112367177186,0.03622457658889908,-0.1812119124522073,False,7493323.695782333,1.04393849229588,5.263157894736836,0.9900513065190311,108.27710311564067,-22.933794893985283,0.7853,-0.6749013116006619,28.41899179211009,,74.0,73.0,,47.0,65.0,
blockstack,STX,Stacks,98,0.363552,680722728,50385297.0,-3.82829,4.5068,27.3255,binance,368,2026-10-06,0.3388,13.459268004722569,0.280388,37.09573876200123,0.21793550000000003,76.38246178341754,True,21.3000946670874,42.79346210995543,130.4556354916067,67.7932065907097,0.03185532085460302,0.029422385474165376,0.6329176327881487,False,2889525.481544,0.4866465182368344,1.371308016877637,0.22937807546261246,114.29801567348834,-30.23255813953488,0.3896,-1.3347022587268942,36.31103570766911,,88.0,67.0,,34.0,65.0,
raydium,RAY,Raydium,99,2.44,656757445,207831018.0,10.22005,17.8558,108.6782,binance,368,2026-10-06,1.94103,12.955492702328142,1.3712,59.89644107351224,0.844256,159.69611113216843,True,14.56863667241468,70.54293714996886,222.3316671567186,68.12087454947596,0.21508740456740227,0.2237371581610788,-0.39451555729425475,False,12258728.245865997,0.8430382285842026,-1.3808924073407725,-0.20411518400122358,152.58281411316423,-26.195899772209565,2.2232,-1.3808924073407725,64.06051074768256,,83.0,81.0,,41.0,69.0,
aptos,APT,Aptos,100,0.745327,649517129,92419368.0,-10.74807,-6.5519,15.8299,binance,368,2026-10-06,0.79044,4.498760184201189,0.668656,23.53138235505252,0.754609,9.46066108408461,False,4.517271922054911,32.37179487179487,33.8735818476499,60.35005934916445,0.045596615177716404,0.04962853098068426,-0.48812539987504305,False,11593121.3255417,1.0366813707845355,-2.2600875636019424,-0.5108507977432248,113.71719329896268,-20.061728395061728,0.8724,-5.318661164603389,25.889368469508554,,30.0,78.0,,52.0,52.0,
xdce-crowd-sale,XDC,XDC Network,102,0.03181852,634641451,19511196.0,-7.29547,-7.2752,8.0793,coingecko,367,2026-10-06,0.03114896251784648,5.409616002115847,0.029332141267250856,11.938646004558562,0.02963740685346041,10.785676834177305,False,-5.131043447949512,17.189996890753623,19.821061194625056,58.82141261399587,0.0013455183238592766,0.0012804846618212139,0.1980680347049302,False,10885942.093317835,1.3558157044749637,1.07984637833356,0.4301213384868651,66.90214779202407,-11.509723932553651,0.034673494343063604,-5.305183683416736,10.707570488467312,,33.0,61.0,,67.0,53.0,
akedo,AKE,Akedo,103,0.02734502,623386176,6717777.0,-7.44859,-17.0378,70.3476,coingecko,367,2026-10-06,0.03763403031544508,-17.599807935506817,0.022356541161327233,38.70890419837798,0.0064487910372861305,380.87328434488404,True,-3.0713474431583676,66.44716232841097,15687.368071941986,50.320417242286986,0.0023563064093409525,0.004011601068672526,-5.337849926478664,False,47025282.84662359,0.1539691441545422,-7.930941722510088,-0.2173394373196224,535.0293665570185,-53.03977152126693,0.06456967081254018,-51.97356147042067,59.96473592612466,,73.0,47.0,,3.0,43.0,
pyth-network,PYTH,Pyth Network,107,0.07215,568247605,40584702.0,-6.67406,-9.1882,30.2306,binance,368,2026-10-06,0.07208149999999999,5.144870736596774,0.05951939999999999,27.336633097779895,0.04669225,62.318157724247605,True,-3.7587301587301614,34.78570158278498,73.67094408799267,60.03479674017703,0.005963961655786318,0.00636943314128844,-0.5349933836945799,True,3688524.609421633,1.1492520532562447,-4.450327786182562,-1.1145882441850505,88.86335721641811,-24.514466904478795,0.08347,-9.200910506768912,28.303275180498666,,71.0,67.0,,47.0,62.0,
curve-dao-token,CRV,Curve DAO,108,0.354592,557562365,64545246.0,-2.51617,-10.6157,-6.2719,binance,368,2026-10-06,0.361075,-0.10385653950009122,0.3437840000000001,4.920531496521052,0.252122,43.06565868904737,True,-5.35292574127525,-5.650013078733962,80.25987006496753,51.23755832094307,0.010530867637940755,0.011590457216222667,-0.2937592398896345,True,5001889.0537663335,0.6355947911871692,-3.3235057625301434,-0.7169427280605026,75.84241331461381,-16.26994506931728,0.3946,-8.590978205777999,-12.132439481020274,,59.0,33.0,,68.0,54.0,
pudgy-penguins,PENGU,Pudgy Penguins,110,0.0085336,536421851,238806904.0,-9.30899,-15.4724,-2.0012,binance,368,2026-10-06,0.009241000000000001,-1.4284168380045426,0.00862284,5.638049644896581,0.007570314999999999,20.32524406183893,True,-8.645070705044633,3.5348942941577643,47.80139542430635,51.1460148943718,0.00034106578306468405,0.00041279054216383716,-0.7874054133181811,False,14450644.646350436,1.0507041155097956,-5.7624663769915045,-1.1164768765008435,101.75905986597094,-30.75679498838032,0.010286,-11.442737701730499,-2.9475321081285477,,44.0,45.0,,50.0,46.0,
fetch-ai,FET,Artificial Superintelligence Alliance,112,0.227871,526659363,153033555.0,-6.0761,0.0083,23.9902,binance,368,2026-10-06,0.21922000000000003,9.068515646382625,0.183508,30.29404712601085,0.19213000000000002,24.446989017852495,False,7.460674157303382,36.55054254711594,49.62453066332917,60.1392782059823,0.01838738671962825,0.017734723370208663,0.27296668733567053,True,19317558.633507002,0.9642659907619142,-6.087981146897093,-1.1650236957484563,129.20570961154633,-25.184729064039402,0.2546,-6.087981146897093,30.068116144829627,,48.0,80.0,,44.0,57.0,
official-trump,TRUMP,Official Trump,113,1.86,524216099,209598351.0,-7.95523,-11.3482,-19.0935,binance,368,2026-10-06,2.07435,-3.1021765854364114,2.13888,-6.025583482944352,2.110765,-4.773861609416496,True,-0.7897334649555776,-13.992297817715038,25.233644859813076,46.45241588620046,-0.008185806813564511,-0.002625519332180822,-0.276631217979288,False,21223284.199020132,0.6044791039365298,-2.284880894506569,-0.3833255954776128,80.27150334330801,-31.21345029239767,2.736,-26.535087719298257,-20.47472422000135,,41.0,34.0,,55.0,43.0,
virtual-protocol,VIRTUAL,Virtuals Protocol,114,0.767403,505240466,99385433.0,-5.7382,-6.3497,3.7977,binance,368,2026-10-06,0.76154,5.457362712398561,0.710002,13.11235742997907,0.664441,20.86851955252613,True,4.015023960626873,10.209962947715102,53.14645308924486,56.22381878959791,0.04002612518508131,0.0364511657110301,0.44514499739150926,False,6818657.873570667,0.9169921564792818,-6.365862189576776,-1.3950590093574007,89.8339848706518,-26.247479838709666,0.8577,-6.365862189576776,3.727536545428789,,64.0,65.0,,53.0,61.0,
pearl-2,PRL,Pearl,115,1.47,495698223,7422688.0,29.29494,17.1587,286.9192,coingecko,107,2026-10-06,1.141456499217643,3.507101998783635,0.6697938154335483,76.39585730605609,,,,-9.340082432224527,228.2913561522564,146.3167097251921,57.11145858392074,0.13881058305553484,0.18353757291153716,-3.785647361892893,False,2465213.154401062,1.6286993700071537,13.548066353853683,1.2162587180799633,303.1130851307422,-51.00823681160694,1.5343628583997038,-22.998100713333937,221.80892974997013,,50.0,72.0,,4.0,43.0,
sei-network,SEI,Sei,121,0.069009,464669682,51247980.0,-5.12984,-8.0162,38.8727,binance,368,2026-10-06,0.065913,9.20455752279521,0.053926600000000005,33.477727132806436,0.05376340000000001,33.8829017510053,True,-1.7606114371502612,45.649534601375976,52.500000000000014,62.926863686858276,0.006308415859623467,0.006489879876729898,-0.2521033858105459,True,8595306.997746365,0.5759757945427708,-2.729729729729724,-0.6622529717560558,110.79311030845997,-22.758206565252202,0.07903,-8.92066303935215,39.16710819908966,,73.0,58.0,,45.0,60.0,
grass,GRASS,Grass,123,0.640487,448206535,34556360.0,-6.73703,-14.1672,89.9768,coingecko,367,2026-10-06,0.5414753245140118,36.86273679545806,0.4190273610735186,76.85669649432315,0.38587502444070476,92.05128636560454,True,23.91771045916995,117.22885272160886,78.47954864656434,73.04571038168064,0.09947901088152467,0.0831737063700931,2.2002145052341944,False,34396242.493820645,1.217533566823667,6.672811843400139,0.9489822403945617,152.7023688512115,-29.26992795015294,0.765039106837644,-3.132017490547001,110.74642631932254,,95.0,86.0,,25.0,71.0,
celestia,TIA,Celestia,124,0.4457,435744691,71648374.0,-7.73316,-2.4538,1.715,binance,368,2026-10-06,0.45674500000000007,7.215185716318717,0.399046,22.717681670784827,0.3696855,32.46394570520077,True,11.093466424682386,10.641662901039318,22.45561390347588,60.67765965441889,0.02334217799523236,0.024015172936154495,-0.13743004715583723,False,6200078.9161690315,0.9040239221766692,2.426270654674756,0.47094722654756,124.30533815047436,-28.26295585412668,0.5207,-5.95352410217016,4.159236498753005,,68.0,71.0,,37.0,59.0,
plasma,XPL,Plasma,125,0.087207,395263191,43436485.0,-4.53234,-10.1023,-4.1824,binance,368,2026-10-06,0.097279,-7.647076964195765,0.0916644,-1.990303760238421,0.09289150000000002,-3.2850153135647653,False,-6.22129436325678,0.2790490010045721,-1.2747252747252635,45.474663882978646,0.0010898831327606912,0.0024457710395948524,-1.509225185701426,False,16177372.914427798,0.5047254182370936,-5.252056528158611,-0.9662213599335993,123.6191970484419,-23.45071807987409,0.11467,-21.65344030696782,-6.20337740128174,,7.0,26.0,,36.0,22.0,
bitcoin-cash-sv,BSV,Bitcoin SV,126,19.24,386536729,7774831.0,-4.19685,-4.9726,13.251,coingecko,367,2026-10-06,19.59405547156786,3.007390887920547,17.71393804874123,13.940362977774633,15.09764419701344,33.68526272719077,True,-1.3703716180202052,19.785961191594748,45.99891796387998,59.048355566813264,0.8057556881379604,0.9696257835145177,-0.8119083097380809,False,8813764.239176676,0.8680824693314643,0.04597166287612087,0.012785051265187421,76.4462106059126,-13.696750086423782,22.180194308119322,-9.002937350257834,13.303534789308436,,55.0,61.0,,54.0,57.0,
pendle,PENDLE,Pendle,127,2.21,384715808,71101472.0,-7.31961,-8.0394,3.5189,binance,368,2026-10-06,2.4814499999999997,-3.8465413367184342,2.1258,12.240097845516985,1.602585,48.88445854666057,True,2.6678141135972666,13.241575700047449,59.598662207357854,52.35552650414059,0.07109240994095245,0.10719301815674924,-1.5130179470157916,False,5754129.679083333,0.37017403378008784,-2.691680261011409,-0.6544903660040234,95.52707500910729,-23.025107164727498,2.713,-12.053077773682263,6.759149297761136,,56.0,47.0,,51.0,52.0,
derive,DRV,Derive,129,0.365274,365093811,15050411.0,-11.16866,-3.4274,131.3949,coingecko,367,2026-10-06,0.39200495003877694,5.003769500959554,0.243285266017362,69.19231522294236,0.13233995340757024,211.03227980094115,True,11.381103073388733,134.18512307154177,272.8604226515875,62.0476578377803,0.04883941146470183,0.057436904598329196,-2.0886967769096287,False,32333383.568997778,0.3545197533236474,-1.3918350570218507,-0.11033903119796701,344.813774698223,-40.37094637917023,0.4896710203739547,-15.939486503260758,127.70269666925545,,75.0,71.0,,11.0,54.0,
starknet,STRK,Starknet,130,0.04870025,361495263,56541515.0,-4.04003,16.0106,55.9427,binance,368,2026-10-06,0.0441555,17.04091223063944,0.0341138,51.492944204398206,0.03412135,51.45942349877715,False,23.400191021967508,61.904761904761905,70.0,64.11091931511801,0.005299908985403751,0.0043917480570498085,1.757277338146173,True,7649785.041467393,0.5802076945937173,-2.213812677388849,-0.28382496931871093,226.79327991656334,-28.026905829596416,0.05871,-11.97411003236246,55.4223355024756,,65.0,76.0,,29.0,57.0,
lido-dao,LDO,Lido DAO,132,0.434069,360083121,58508535.0,-8.43508,-7.5121,7.5104,binance,368,2026-10-06,0.44292999999999993,7.059806289932968,0.3974460000000001,19.311805880547283,0.34388749999999996,37.893933335756635,True,1.5852613538988924,13.68976264684727,46.448424953675115,59.69017331983061,0.02280840555770841,0.02290087634132593,-0.019500376131910344,False,4875993.067025966,0.8529844975896992,0.5299978800084704,0.10981642821125158,110.10379949723317,-29.78936810431293,0.4943,-4.066356463686027,7.207336244560958,,71.0,65.0,,38.0,59.0,
bittorrent,BTT,BitTorrent,133,3.63656e-07,358738898,15898246.0,-2.90323,-2.3924,20.2856,coingecko,367,2026-10-06,3.6049309925776577e-07,4.066086101325639,3.2332068376508733e-07,16.03064013544353,3.017890418849266e-07,24.30903942694198,True,0.6913852477818505,24.84467460057058,40.07653635489861,68.01076760121735,1.5937999170447503e-08,1.73436180173273e-08,-0.37468076203512274,True,11165662.16076654,1.156001078570588,-0.23621926229063783,-0.11993120695994583,49.841360214826466,-6.6208337576669996,3.794935923921992e-07,-1.1442968778211715,18.36224819828427,,58.0,67.0,,70.0,65.0,
unibase,UB,Unibase,135,0.14016,350383600,11155342.0,-1.36192,-3.7211,2.9415,coingecko,367,2026-10-06,0.14135052662564013,-2.5959029405791756,0.13156630118719945,4.647772952544238,0.10760010859077881,27.95638029703631,True,-4.398156799784236,1.5199983138405537,47.20754412369024,49.665758760168785,0.0018522869997746882,0.003362705171476176,-1.0970402104219181,True,12165666.155533373,0.8949125230522027,0.4640361487085132,0.054195145249491025,126.12796414821862,-38.81455450393019,0.18486295992953677,-25.522557790419352,-4.962428088445758,,45.0,42.0,,17.0,35.0,
tezos,XTZ,Tezos,137,0.311379,342008176,6033375.0,-6.31662,-3.6489,29.4955,binance,368,2026-10-06,0.32498,2.5293864237799335,0.27144199999999996,22.751821751976497,0.285397,16.749650486865654,False,6.794871794871793,38.42958039052762,37.79983457402813,60.99302576242753,0.016358881754697574,0.01870761377473627,-0.704901566638264,False,2067794.6360669998,0.2178073083392054,-1.0101010101010166,-0.23136284751095298,121.97114142987043,-17.46502755404832,0.3671,-9.234540997003538,31.947153988241304,,29.0,62.0,,33.0,41.0,
sun-token,SUN,Sun Token,140,0.01697278,326255116,18880915.0,-0.5044,-1.6283,0.6933,binance,368,2026-10-06,0.0171295,-0.2889751598120105,0.0170114,0.40325899102955365,0.017901950000000003,-4.591399260974372,False,0.23474178403757318,1.5457788347205792,-7.974137931034475,49.515366089602146,3.039737354956079e-05,2.866286913027555e-05,0.010155178098859729,False,633713.949423,0.689420089912484,-0.6976744186046435,-0.6240912062112445,19.98431105635182,-13.9871382636656,0.01866,-8.467309753483377,-4.936647567565733,,21.0,45.0,,69.0,44.0,
kite-2,KITE,Kite,143,0.133619,319506873,9319823.0,-5.28835,-7.6597,10.284,binance,338,2026-10-06,0.13514500000000002,4.702356727958845,0.123688,14.400750274885187,0.144678,-2.196602109512169,False,5.518269947800136,11.505122143419989,25.0,55.835661269030766,0.00750918383254684,0.0075056630340057245,0.002488196848844586,False,2387132.726827333,0.33695576257255216,0.35460992907800915,0.06987512369020428,108.04197263438293,-29.429892141756543,0.1536,-7.8776041666666625,5.022695741133676,,30.0,50.0,,26.0,35.0,
monad,MON,Monad,148,0.02592424,306531421,56563421.0,-10.14036,-9.3258,-1.792,coingecko,317,2026-10-06,0.027743394276275497,13.375330673540642,0.026565410664031223,18.402705678401187,0.02528694571688951,24.388945003282103,True,10.209527222776993,26.097821183735203,28.934174171119654,59.508207934486336,0.0021337431784662526,0.0014979079192075774,2.021466026018098,False,70075149.55051087,0.7107855269129812,-5.625648307458963,-1.1151660707734654,112.64061047357998,-31.363876391779012,0.03387624213335808,-7.149781026572488,19.61539478144889,,72.0,73.0,,35.0,61.0,
bonk,BONK,Bonk,149,3.45e-06,303505939,49321227.0,-7.3095,-11.4453,7.4834,binance,368,2026-10-06,3.5409999999999996e-06,3.078226489692204,3.1762e-06,14.917196650084996,4.4478e-06,-17.936957597014246,False,0.27472527472527375,7.038123167155441,-9.203980099502473,55.35268717878268,2.0374196260440737e-07,2.0274880198951303e-07,0.027209879860118972,False,5406295.7744657155,0.5706528841659336,-5.1948051948051965,-0.9887579892173467,100.93243582431799,-46.52278177458034,4.17e-06,-12.470023980815338,0.5556967648691291,,29.0,46.0,,34.0,36.0,
the-graph,GRT,The Graph,152,0.02752887,301121477,15112536.0,-5.55615,-7.3478,42.2816,binance,368,2026-10-06,0.0268305,8.570470173869293,0.021082999999999998,38.16819238248827,0.021163400000000002,37.64328983055651,False,-0.2397260273972579,48.244274809160295,66.1722760981175,61.31962699971667,0.0026339581253313066,0.002820365844997616,-0.6399166483567099,True,2000059.0456030003,0.5366989387187668,-1.4879945891105861,-0.2831831424912779,141.9829682722936,-25.635234330886515,0.03597,-19.01584653878232,41.76184840687398,,46.0,60.0,,24.0,43.0,
terra-luna,LUNC,Terra Luna Classic,153,5.052e-05,278536685,10804124.0,-4.37071,-5.5852,-7.164,binance,368,2026-10-06,5.3670499999999994e-05,-1.0257031330060173,5.2673399999999996e-05,0.8478662854495944,5.8788499999999995e-05,-9.642191925291499,False,0.1697152555157455,1.8209699060762974,-11.921737688608847,50.434704193151305,1.6230939785456838e-07,3.677087725605495e-07,-0.3866705096121633,False,1823862.3295490802,0.6207306915233288,0.2453293074164975,0.0827526504255432,50.562754994600446,-22.767275097783568,6.136e-05,-13.428943937418502,-4.661456496210015,,15.0,42.0,,50.0,34.0,
optimism,OP,Optimism,154,0.120183,276384290,84615611.0,-8.9516,-9.3916,8.1377,binance,368,2026-10-06,0.13065,-0.11481056257174327,0.11148800000000002,17.052956371986205,0.1105965,17.99650079342474,True,1.241272304111729,18.421052631578938,30.892678034102317,54.24163310473026,0.007027802989687831,0.008134428018891394,-0.8479885281253356,False,7985710.148381533,0.6048429770667194,-5.844155844155841,-1.2223496509442926,121.19117264246286,-22.905525846702325,0.1494,-12.650602409638555,11.938626229292627,,52.0,56.0,,46.0,51.0,
arweave,AR,Arweave,155,4.2,275761729,20890514.0,-8.02283,-3.3238,42.1389,binance,368,2026-10-06,4.343500000000001,4.616093012547462,3.1832,42.74943453128925,2.26799,100.35361707944035,True,7.6522151149016615,49.621336845571285,132.9062019477191,65.12815541884038,0.382057389288847,0.4362737820638879,-1.1931424466338219,False,6302576.039317,0.6193296149764506,0.06606474344856839,0.010804580978162141,171.09219435488492,-17.484359565360563,4.804,-5.412156536219825,43.13891044328497,,74.0,71.0,,37.0,61.0,
jito-governance-token,JTO,Jito,156,0.517697,273737866,37130971.0,-7.37609,-8.8868,11.5964,binance,368,2026-10-06,0.53093,2.7630761117284797,0.5021899999999999,8.644138672613956,0.503731,8.31177751617429,False,-0.8540795929493084,17.05642565972967,-14.335060449050097,53.18864182745513,0.022149109058057226,0.019891510502021807,0.41378272654608117,False,3386004.9466710007,1.2071640320752184,-6.41509433962264,-1.1607979695191877,121.43555037679721,-37.86646201074444,0.6515,-16.25479662317728,10.573999257443356,,31.0,62.0,,27.0,40.0,
ethereum-name-service,ENS,Ethereum Name Service,157,6.43,271919260,14898974.0,-5.53388,-9.6555,4.7676,binance,368,2026-10-06,6.7685,-0.12558173893773006,6.075,11.275720164609048,5.4583,23.848084568455373,True,-4.11347517730497,8.50722311396468,66.09336609336607,55.908255892141185,0.25913198726193354,0.3189249949965133,-0.8845119487363866,False,1593711.75501,0.5586590203034635,-1.4577259475218707,-0.3123411516750272,70.79860777791997,-16.846652267818573,7.19,-5.980528511821981,2.024796711678367,,49.0,40.0,,58.0,49.0,
pons,PONS,Pons,158,0.399426,271237083,43802517.0,-4.82353,-26.2036,-44.5327,coingecko,84,2026-10-06,0.5636094399920868,-31.307736216476776,0.45804805439484975,-15.47697244567634,,,,-28.602644926682263,-57.67051862498472,,38.38297987100752,-0.02594511541592759,0.01052343031078536,-9.419597755672408,False,91933546.84922819,0.363997165771006,-2.9416401145340276,-0.10064404699748346,184.06009041668378,-65.68233147699468,0.9146251516719949,-57.67051862498472,-64.15294502727103,,2.0,14.0,,18.0,11.0,
syrup,SYRUP,Maple Finance,160,0.22929,267649172,9103386.0,-9.27263,-0.8099,4.1196,binance,368,2026-10-06,0.22950500000000001,9.409381059236166,0.21173399999999998,18.59219586840093,0.19390049999999998,29.499408201629194,True,7.170294494238139,11.84855233853006,50.44937088076693,61.96643506673893,0.012187024916686273,0.009930721881597052,0.8985675169610596,False,1840747.8834866665,0.5507848958596093,0.3998400639744215,0.09288476788055429,84.76318753814802,-22.338204592901878,0.2591,-3.087610961018916,5.366125936243749,,72.0,58.0,,42.0,58.0,
backpack,BP,Backpack,161,1.059,264771110,19475474.0,-13.70518,-12.4215,119.5557,coingecko,198,2026-10-06,1.0237356600792888,21.69410227756885,0.683838768755369,82.18123600923045,,,,-2.0106932344333917,185.27168599650358,112.49975469895776,64.70035374528314,0.18355592852752978,0.18433416782924664,-0.062467740352459104,True,11696888.858393937,0.8161302556531441,0.08725150540109805,0.010775261215914123,212.23316616548624,-39.806866403971874,1.3498691201423716,-7.707650864890059,178.78925959421724,,80.0,67.0,,15.0,56.0,
ape-and-pepe,APEPE,Ape and Pepe,162,1.25e-06,262575183,8706227.0,-4.45232,-4.7986,6.5451,coingecko,367,2026-10-06,1.2664318308801235e-06,4.117272837203978,1.208641264252377e-06,9.095587222920077,1.1453985602765115e-06,15.119254588231534,True,-0.05232790598449499,16.285659449301093,46.25126488135856,59.78349048493521,2.994767307993424e-08,3.1393317409666585e-08,-0.10963692729006713,False,13662317.019054653,0.7064271200453993,-0.6595096370377584,-0.1847980027002305,86.01395128821913,-22.00998790854276,1.5440472692530397e-06,-14.60272551807693,9.803233047014782,,54.0,58.0,,41.0,51.0,
floki,FLOKI,FLOKI,163,2.716e-05,261872709,23137941.0,-6.40738,-4.4171,1.9214,binance,368,2026-10-06,2.7731000000000003e-05,3.3861021960982285,2.6138399999999997e-05,9.685367122700717,2.6374700000000003e-05,8.702658229287907,False,4.635036496350375,8.76327769347498,27.59234534935471,57.70794495748122,8.253855371053261e-07,8.291176392810728e-07,-0.013017447421509173,False,2568464.464350459,0.9954374439715549,-1.4437951185974573,-0.33549214682417017,81.09620655810154,-20.05494505494505,3.032e-05,-5.441952506596303,2.280851291188668,,29.0,67.0,,53.0,48.0,
iota,IOTA,IOTA,164,0.053233,248964802,9079877.0,-8.39762,-1.5875,24.7183,binance,368,2026-10-06,0.05126000000000001,12.368318376902042,0.044978,28.062608386322196,0.047253500000000004,21.895732591236605,False,10.344827586206895,36.170212765957444,57.80821917808219,66.42738877022443,0.003969571641920022,0.0034987048935670732,0.8174769936683143,False,1670125.5068833332,0.5544456172207215,-1.0309278350515538,-0.2523367572784072,92.72639047429773,-19.493670886075943,0.0591,-2.5380710659898553,29.68778636367113,,49.0,66.0,,44.0,53.0,
jasmycoin,JASMY,JasmyCoin,165,0.00496882,245657446,13392257.0,-4.86509,-3.7952,14.3694,binance,368,2026-10-06,0.004812,7.024106400664998,0.004508000000000001,14.241348713398395,0.00491665,4.74611778345011,False,-2.0912547528517123,16.515837104072382,18.11926605504588,56.66150603280257,0.0003008553464545448,0.0002627989585272911,0.7389589888787127,False,1660722.8677144998,0.405759006590523,-3.195488721804507,-0.6999964167066262,98.63349454858873,-27.217741935483875,0.00572,-9.965034965034969,10.033410701786071,,35.0,44.0,,34.0,38.0,
collector-crypt,CARDS,Collector Crypt,167,0.270159,241656929,16722484.0,-4.96328,44.6238,87.7359,coingecko,367,2026-10-06,0.19785298685579786,43.49125063901105,0.17920396186145518,58.423799517061155,0.14990938511960095,89.38222249362143,True,24.441272569404205,103.9927429822832,58.21397576564926,65.2122722673342,0.02732808916903476,0.01782522629157482,3.347236748404941,False,8846533.89417759,2.026185503783173,20.327925716400586,1.9491626320829398,229.10896713344377,-48.87904189371053,0.2848247553121575,-0.3240694598766303,97.5103165799969,Volumen 2.0x su promedio de 30 días,95.0,94.0,,12.0,68.0,
the-sandbox,SAND,The Sandbox,168,0.080456,236081292,276291890.0,22.78262,87.6381,103.4348,binance,368,2026-10-06,0.049661500000000004,34.389819075138675,0.04353339999999999,53.307575332962756,0.0569447,17.20142524238426,False,52.583447645176015,65.40272614622056,38.14945145932518,69.18076401218663,0.00786639230783822,0.0048918894179202504,4.456851797899265,False,6991843.792594,1.3907161809091966,-4.397650766365857,-0.6463969039640003,204.6008149322452,-32.28744939271255,0.07618,-12.391703859280657,58.920299743934244,,55.0,89.0,,36.0,60.0,
zebec-network,ZBCN,Zebec Network,169,0.00235911,235899117,8353635.0,-8.51883,-8.5944,34.9928,coingecko,367,2026-10-06,0.002181563270806859,18.081552849597294,0.001977243632973123,30.28357980810452,0.0024050340860653214,7.109658091358906,False,26.63489078501462,39.431981928758056,19.501587488812035,66.75659538696792,0.00019225855708876515,0.000147246714935956,1.7473379860683136,False,8101508.106035297,1.1372775494668106,-1.5708683352527064,-0.3260914102114788,110.04783030451722,-28.857057543897213,0.0026518148695141024,-2.858083489168517,32.94955552647174,,46.0,84.0,,25.0,51.0,
thorchain,RUNE,THORChain,170,0.71658,235458215,49796082.0,-6.70621,-11.643,47.0571,binance,368,2026-10-06,0.6910999999999999,9.246129358992917,0.5645800000000001,33.7277268057671,0.465545,62.175514719307486,True,0.3989361702127603,53.767820773930765,96.61458333333333,63.08239736844299,0.06745409630272681,0.06743176449380021,0.002957855486965935,False,5382623.587090001,0.4333160534008192,-3.4526854219948833,-0.948966189812061,102.96308495617448,-10.816777041942604,0.8,-5.625000000000002,47.28539437164445,,82.0,59.0,,62.0,68.0,
compound-governance-token,COMP,Compound,171,23.34,233393904,18730743.0,-3.84961,-8.0431,10.0872,binance,368,2026-10-06,23.499000000000002,3.5788756968381463,21.1034,15.336865149691526,19.42325,25.313734828105506,True,-1.85483870967742,15.519696250593263,44.536817102137775,58.70426136926932,1.216103017324027,1.2444104778523275,-0.11630016650904054,True,1171204.7647053334,0.6434892224500254,-2.8343313373253576,-0.9081084531401156,69.90376635926869,-12.976362759286065,25.39,-4.135486411973222,9.03726984830695,,62.0,52.0,,65.0,60.0,
apenft,NFT,AINFT,172,2.3445e-07,232147472,6170851.0,-2.53831,-2.7161,0.0791,coingecko,366,2026-10-06,2.4060600119487203e-07,-0.1995124262861636,2.4727381494143295e-07,-2.8906629757897706,2.8008826104715184e-07,-14.267752091304642,False,0.3593691056747339,-0.6693221709192732,-10.057064681005045,45.34603367334417,-1.0217795770706163e-09,-1.6991808025628288e-09,0.282102451120185,False,6344772.914637985,0.9827716356127859,-0.7106167831905208,-0.609142612446062,18.356308241333995,-17.59117578625008,2.8157428128498203e-07,-14.72020767370229,-7.151748573205586,,21.0,48.0,,57.0,40.0,
dogwifcoin,WIF,dogwifhat,174,0.230001,229752331,59057933.0,-7.88185,-9.8044,5.4172,binance,368,2026-10-06,0.23764500000000002,3.305350417639752,0.21200000000000002,15.801886792452823,0.183017,34.14054432101934,True,2.1214642262895156,13.29026303645593,55.37974683544304,58.31030605368482,0.01293524697293369,0.013615603784655499,-0.2771310842044031,True,3498634.2533038664,0.7247747039906904,-2.2691082802547724,-0.45953775040391004,111.36493075914098,-18.039576622181308,0.2554,-3.8762725137040044,6.807836634169617,,64.0,62.0,,53.0,60.0,
meteora,MET,Meteora,173,0.410904,228525259,120140164.0,21.80102,20.7924,101.1596,binance,328,2026-10-06,0.30896,6.130243397203516,0.248052,32.19002467224617,0.1736735,88.80255191494386,True,0.4595588235294157,54.01596993893847,103.79117464263521,59.84777765597605,0.020360656491301754,0.025883581901845542,-1.6843322386531832,False,3407572.5458736657,1.892126168764197,10.590219224283315,1.7075846151380591,141.84651121329384,-24.408163265306115,0.3809,-13.914413231819367,47.533543536652154,,69.0,82.0,,42.0,65.0,
eigenlayer,EIGEN,EigenCloud (prev. EigenLayer),175,0.234881,227578727,24524719.0,-7.18445,-7.019,8.0333,binance,368,2026-10-06,0.24774,2.0424638734156897,0.22112,14.32706222865412,0.2038645,24.003933985563954,True,0.8376545672118318,15.803939532753098,1.3632718524458687,56.70304281259279,0.011093753112031646,0.01211977538871109,-0.4058632423573752,False,4083065.7379335,0.6266795503657585,-2.3183925811437245,-0.4895984146058391,93.19200393183873,-32.346980137819216,0.276,-8.405797101449275,9.321513130466785,,56.0,56.0,,36.0,49.0,
trust-wallet-token,TWT,Trust Wallet,176,0.540748,225308777,7554154.0,-5.58667,-10.1821,-4.3101,binance,365,2026-10-06,0.57751,-0.7636231407248228,0.53397,7.328127048336075,0.437399,31.024533663771535,True,-4.115777145725275,-2.583715791262964,73.24667472793232,52.32599501655439,0.012470882223253765,0.01748827922040716,-0.8754836847240263,False,911577.7060800001,0.3861282447479137,-0.7790858725761685,-0.21621086709311188,62.42613907857809,-21.11163745460287,0.6333,-9.505763461234784,-9.066142193549275,,50.0,29.0,,48.0,43.0,
theta-token,THETA,Theta Network,181,0.217732,217626880,5802684.0,-8.08944,-7.1432,11.6831,binance,367,2026-10-06,0.22362,5.6703336016456385,0.196128,20.482542013379025,0.17390150000000001,35.88151913583264,True,6.154537286612771,26.431246655965744,68.18505338078292,63.70274209949487,0.011176030825143124,0.011976152872887755,-0.3386043367518542,False,1180970.2633959998,0.878593238229638,1.5470562956596545,0.38650999333507097,91.05263015024758,-18.96325459317586,0.2369,-0.253271422541157,19.948820253679433,,66.0,72.0,,41.0,60.0,
kamino,KMNO,Kamino,184,0.037281,212705989,5559505.0,-4.85446,-16.9981,49.2027,binance,367,2026-10-06,0.038581,1.2415437650657113,0.0302772,29.0079663905513,0.0219628,77.84617626167882,True,-11.287758346581878,54.8770816812054,88.96952104499272,56.5387857745651,0.003498304025230402,0.004177613004091834,-1.7391422909918894,True,1387047.1900059998,0.3740521329398719,-4.731707317073186,-0.8844005175226898,121.39961394386557,-21.942446043165475,0.05004,-21.942446043165475,48.39465527891909,,67.0,47.0,,27.0,48.0,
axie-infinity,AXS,Axie Infinity,185,1.21,212027882,42667205.0,-2.92766,4.2328,24.7391,binance,368,2026-10-06,1.1384,9.451862262825017,1.0175200000000002,22.454595487066562,1.0609,17.4474502780658,False,8.726003490401402,29.119170984455955,24.97492477432297,60.29132396705022,0.078462414034699,0.06651825906788403,0.9585999170798535,False,3153662.242711,1.0641697895380944,-3.6349574632637216,-0.9740417963758191,93.15057538552966,-18.470705064548156,1.36,-8.382352941176475,22.636744582169644,,45.0,81.0,,54.0,59.0,
akash-network,AKT,Akash Network,186,0.70996,211982536,7163358.0,-7.93194,8.3762,26.7425,coingecko,367,2026-10-06,0.6523266625902316,17.82089273841525,0.5812180608561865,32.235584059851384,0.5916298896680331,29.90842938408229,False,16.873898611261918,41.33979905771326,27.408258412607942,70.14402374503328,0.043738682978824106,0.036306699783311025,0.9669795288359151,True,6910670.712005452,3.1157516038712534,-1.425947321958565,-0.2919664290471208,107.49532045391786,-29.60239293113468,0.7796951393941528,-1.425947321958565,34.85737265542694,Volumen 3.1x su promedio de 30 días,55.0,86.0,,24.0,55.0,
decentraland,MANA,Decentraland,188,0.10592,207359912,44226704.0,4.49146,17.2786,39.4785,binance,368,2026-10-06,0.090645,12.74753157923767,0.08033799999999999,27.2125270731161,0.0788745,29.572929146935945,True,15.48022598870058,33.07291666666667,37.921727395411594,68.0031043376052,0.006923661398100578,0.005685155575237459,1.21184522785041,False,1456728.2691166669,0.6601739563845724,-2.8517110266159773,-0.8985024279703132,76.73586912926726,-14.634146341463417,0.1052,-2.8517110266159773,26.590490264380364,,78.0,70.0,,65.0,71.0,
useless-3,USELESS,Useless Coin,190,0.201973,202008188,25364198.0,-11.03931,-19.4012,-9.4447,coingecko,367,2026-10-06,0.2620496575790334,-9.166766447600095,0.18758030986508367,26.894010177949056,0.09165151058936535,159.7100429238827,True,0.4377297120377488,-7.690889744499307,167.315193983008,50.59836914772892,0.009901066765510141,0.019794796280861535,-4.156537103966511,False,62692890.67675192,0.3445152361756642,-0.9771099043364484,-0.07644264362908487,216.80164752310836,-62.64112720939008,0.34577074776379485,-31.160117207303205,-14.17331614678562,,67.0,33.0,,15.0,40.0,
convex-finance,CVX,Convex Finance,193,2.11,197052166,7734635.0,-4.895,-3.5529,-5.8812,binance,367,2026-10-06,2.1202,5.1315913593057205,2.11958,5.162343483142884,1.67081,33.40834684973157,True,1.9204389574760006,-5.550847457627106,90.35012809564475,55.75984416364389,0.05825630482374988,0.043645264844522885,0.6554975315938536,False,1024493.1553410001,0.5312857520437329,-1.458885941644561,-0.2899113932961212,74.24440066577102,-24.939369442198878,2.474,-9.902991107518188,-12.033273859913418,,64.0,44.0,,39.0,50.0,
doublezero,2Z,DoubleZero,194,0.03827548,196881790,12856376.0,-8.63853,-39.7839,-25.163,binance,368,2026-10-06,0.0540355,-23.53175227396803,0.0529188,-21.918108498303056,0.0699201,-40.90397467967007,False,-36.50891210817455,-20.73661998849031,-43.335161821173884,34.94914711135435,-0.0018228780339223719,0.00040155871058030536,-5.383438394246556,False,2255777.545403667,1.1392556420186017,-4.98965279374568,-1.052733644248384,131.9446729531475,-43.66734832992501,0.07335,-43.66734832992501,-27.219046390776626,,1.0,31.0,,16.0,15.0,
zama,ZAMA,Zama,195,0.076449,194166822,11522480.0,-9.59883,-3.9702,49.8775,binance,247,2026-10-06,0.08245100000000001,0.7264920983371725,0.0634796,30.82943181746578,0.040972749999999995,102.69569408936428,True,10.762870098692968,44.53532892446921,147.3198332340679,56.98024746642004,0.006206758485570632,0.00713671639750151,-1.1197566669848023,False,11478366.966710664,0.39800513644138813,-3.2952957615277167,-0.4488030636728859,187.0158033928006,-33.29485488126649,0.1017,-18.33824975417896,38.0529025221829,,71.0,67.0,,13.0,52.0,
origintrail,TRAC,OriginTrail,197,0.416194,186152705,5517648.0,0.77991,1.5844,21.4419,coingecko,367,2026-10-06,0.3808270045812661,15.574764923740059,0.34734939500690926,26.71388568336621,0.3229182820148874,36.300711302132925,True,18.0833249350264,34.06903460748823,60.523948877986285,65.71493908420223,0.031548281075079454,0.02340620679450734,1.8498831842643657,False,8312089.841387556,0.7362902143724616,-4.292709840957487,-0.8010117461375895,98.98957557863515,-21.95008335220492,0.4672985363030473,-5.81183523641845,27.586608205201912,,81.0,75.0,,34.0,64.0,
sentient,SENT,Sentient,199,0.02513645,181928717,16731291.0,-2.84732,13.2174,77.6611,binance,258,2026-10-06,0.021305499999999998,21.001619300180717,0.0165666,55.614308307075675,0.01567295,64.48722161431,True,25.75609756097561,89.97789240972733,88.03792851932897,75.52437804068688,0.002221561089456696,0.0020296682805896723,0.7443475906401227,True,1623499.5602616668,2.143410177332688,2.914171656686637,0.5624148583460371,104.53653848930782,-32.163742690058484,0.02578,0.0,83.49546600744102,Volumen 2.1x su promedio de 30 días,89.0,87.0,,30.0,70.0,
mx-token,MX,MX,200,1.92,176400883,8840468.0,-1.15977,2.1191,10.1991,coingecko,364,2026-10-06,1.867279372148554,2.5557280974186636,1.7814113009860488,7.499147145853602,1.7383799861442173,10.160147435164246,True,1.9149645371520307,9.065734747853593,15.736153084687587,65.08968703722839,0.0310742721303483,0.03403772074369571,-0.15474911680878334,False,5574768.123723808,1.4295673713488888,1.5585684661488575,1.5217535897698726,24.50917340356252,-4.878710446994194,1.9462824683880429,-1.6071928497661703,2.583308345567281,,51.0,67.0,,70.0,62.0,
